Month,Sleep Time average
1.0,7.106667814558134
2.0,7.0579646823229565
3.0,7.125047582794061
4.0,7.158788093550673
5.0,7.136335927134507
6.0,7.102157283360991
7.0,7.093293995694124
8.0,7.074718883288096
9.0,7.056139297508256
10.0,7.065038471844734
11.0,7.08867563645957
12.0,7.08826887398316
